32,0.186,0,0,0,0,0,0,0,0
33,0.33000000000000002,-0.096454545454545473,-0.16250000000000001,0.42854545454545451,0.86250000000000004,789.5,535.5,810.5,576.5
34,0.51900000000000002,-0.098533333333333389,0.26250000000000001,0.62646666666666662,0.86250000000000004,994.5,260.5,1023.5,284.5
35,0.67700000000000005,-0.094750000000000001,-0.1125,0.78025,0.8125,416.5,286.5,451.5,323.5
36,0.71099999999999997,-0.11473363636363636,-0.23750000000000002,0.83526636363636364,0.96250000000000002,895.5,873.5,933.5,921.5
37,0.84599999999999997,-0.12359848484848482,-0.16250000000000001,0.95140151515151528,0.86250000000000004,109.5,674.5,152.5,715.5
38,0.78300000000000003,-0.12205555870903825,-0.16250000000000001,0.87794444129096183,0.86250000000000004,154.5,523.5,194.5,564.5
39,0.26400000000000001,-0.087260714285714303,0.28750000000000003,0.36273928571428571,0.83750000000000002,1005.5,950.5,1023.5,972.5
40,0.42299999999999999,-0.11065833333333337,-0.28750000000000003,0.53934166666666661,0.91249999999999998,934.5,873.5,960.5,921.5
41,0.42299999999999999,-0.11164285714285717,-0.28750000000000003,0.53835714285714287,0.91249999999999998,961.5,873.5,987.5,921.5
42,0.44400000000000001,-0.10230357142857147,0.23750000000000002,0.52269642857142862,0.86250000000000004,912.5,190.5,937.5,215.5
43,0.59399999999999997,-0.11655882352941174,-0.1125,0.70844117647058835,0.6875,542.5,217.5,575.5,249.5
44,0.30299999999999999,-0.097562499999999983,-0.1875,0.4024375,0.38750000000000001,314.5,160.5,334.5,183.5
45,0.47100000000000003,-0.087000000000000008,0.037499999999999999,0.56300000000000006,0.53749999999999998,871.5,163.5,897.5,183.5
46,0.312,-0.1065,-0.13750000000000001,0.41849999999999998,0.38750000000000001,507.5,162.5,528.5,183.5
47,0.57899999999999996,-0.0738958333333333,-0.21249999999999999,0.67610416666666673,0.91249999999999998,237.5,665.5,267.5,710.5
48,0.71799999999999997,-0.12111111111111109,-0.16250000000000001,0.8288888888888889,0.86250000000000004,979.5,535.5,1017.5,576.5
49,0.55700000000000005,-0.086305548474577706,-0.16250000000000001,0.66369445152542239,0.86250000000000004,273.5,491.5,303.5,532.5
50,0.70399999999999996,-0.11046153846153842,-0.16250000000000001,0.78953846153846152,0.86250000000000004,503.5,491.5,539.5,532.5
51,0.70899999999999996,-0.097726244343891433,-0.16250000000000001,0.8272737556561085,0.86250000000000004,616.5,491.5,653.5,532.5
52,0.73499999999999999,-0.11711538461538462,-0.16250000000000001,0.83288461538461533,0.86250000000000004,654.5,491.5,692.5,532.5
53,0.69000000000000006,-0.12535714285714292,-0.16250000000000001,0.7996428571428571,0.86250000000000004,693.5,491.5,730.5,532.5
54,0.69200000000000006,-0.12254761904761899,-0.16250000000000001,0.80245238095238103,0.86250000000000004,731.5,491.5,768.5,532.5
55,0.625,-0.12424999999999994,-0.16250000000000001,0.75075000000000003,0.86250000000000004,769.5,491.5,804.5,532.5
56,0.71199999999999997,-0.1139045454545454,-0.16250000000000001,0.81109545454545462,0.86250000000000004,805.5,491.5,842.5,532.5
57,0.68300000000000005,-0.12889523809523806,-0.16250000000000001,0.821104761904762,0.86250000000000004,843.5,491.5,881.5,532.5
58,0.32200000000000001,-0.10400000000000001,-0.13750000000000001,0.42099999999999999,0.71250000000000002,818.5,289.5,839.5,323.5
59,0.32500000000000001,-0.11485909090909087,-0.21249999999999999,0.43514090909090913,0.71250000000000002,452.5,286.5,474.5,323.5
60,0.53800000000000003,-0.09628571428571428,-0.13750000000000001,0.62871428571428578,0.76250000000000007,691.5,287.5,720.5,323.5
61,0.56300000000000006,-0.09644444444444443,-0.0625,0.65355555555555556,0.66249999999999998,341.5,186.5,371.5,215.5
62,0.53800000000000003,-0.086652173913043501,-0.1125,0.6383478260869565,0.78749999999999998,721.5,287.5,750.5,323.5
63,0.65300000000000002,-0.079464285714285751,-0.13750000000000001,0.74553571428571419,0.86250000000000004,977.5,366.5,1010.5,406.5
64,0.85599999999999998,-0.10978571428571419,-0.28750000000000003,0.9652142857142858,0.83750000000000002,109.5,628.5,152.5,673.5
65,0.755,-0.12194130445244405,-0.16250000000000001,0.878058695547556,0.86250000000000004,154.5,481.5,194.5,522.5
66,0.73399999999999999,-0.098000000000000032,-0.16250000000000001,0.85199999999999998,0.86250000000000004,921.5,491.5,959.5,532.5
67,0.73299999999999998,-0.11215384615384616,-0.16250000000000001,0.8378461538461538,0.86250000000000004,960.5,491.5,998.5,532.5
68,0.73999999999999999,-0.11111111111111106,-0.16250000000000001,0.86388888888888893,0.86250000000000004,196.5,536.5,235.5,577.5
69,0.66700000000000004,-0.10285714285714286,-0.16250000000000001,0.77214285714285713,0.86250000000000004,237.5,449.5,272.5,490.5
70,0.64600000000000002,-0.10249999999999999,-0.16250000000000001,0.77249999999999996,0.86250000000000004,312.5,449.5,347.5,490.5
71,0.753,-0.12003571428571425,-0.16250000000000001,0.87996428571428575,0.86250000000000004,154.5,439.5,194.5,480.5
72,0.77200000000000002,-0.10100000000000003,-0.16250000000000001,0.874,0.86250000000000004,196.5,494.5,235.5,535.5
73,0.36799999999999999,-0.10424999999999998,-0.16250000000000001,0.47075,0.86250000000000004,1000.5,778.5,1023.5,819.5
74,0.70200000000000007,-0.11539473684210526,-0.16250000000000001,0.80960526315789483,0.86250000000000004,382.5,449.5,419.5,490.5
75,0.71499999999999997,-0.10349038548535094,-0.16250000000000001,0.84650961451464901,0.86250000000000004,532.5,449.5,570.5,490.5
76,0.626,-0.10796428571428567,-0.16250000000000001,0.76703571428571438,0.86250000000000004,571.5,449.5,606.5,490.5
77,0.85599999999999998,-0.10975,-0.16250000000000001,0.96525000000000005,0.86250000000000004,109.5,586.5,152.5,627.5
78,0.73999999999999999,-0.10550000000000001,-0.16250000000000001,0.84450000000000003,0.86250000000000004,607.5,449.5,645.5,490.5
79,0.74199999999999999,-0.11618249999999998,-0.16250000000000001,0.85881750000000001,0.86250000000000004,196.5,452.5,235.5,493.5
80,0.70499999999999996,-0.10393750000000002,-0.16250000000000001,0.82106250000000003,0.86250000000000004,760.5,449.5,797.5,490.5
81,0.74199999999999999,-0.11686955306175498,-0.23750000000000002,0.85813044693824514,0.86250000000000004,196.5,407.5,235.5,451.5
82,0.72199999999999998,-0.096968749999999979,-0.16250000000000001,0.82803125,0.86250000000000004,798.5,449.5,835.5,490.5
83,0.69700000000000006,-0.11220604395604393,-0.16250000000000001,0.8127939560439561,0.86250000000000004,836.5,449.5,873.5,490.5
84,0.67400000000000004,-0.13746428571428562,-0.16250000000000001,0.81253571428571447,0.86250000000000004,874.5,449.5,912.5,490.5
85,0.746,-0.10267307692307688,-0.16250000000000001,0.84732692307692314,0.86250000000000004,913.5,449.5,951.5,490.5
86,0.72599999999999998,-0.094756942034510197,-0.16250000000000001,0.85524305796548983,0.86250000000000004,952.5,449.5,990.5,490.5
87,0.85599999999999998,-0.1240153846153846,-0.16250000000000001,0.97598461538461545,0.86250000000000004,60.5,93.5,104.5,134.5
88,0.73899999999999999,-0.10324825174825174,-0.16250000000000001,0.87175174825174828,0.86250000000000004,196.5,365.5,235.5,406.5
89,0.70999999999999996,-0.13713333333333333,-0.16250000000000001,0.83786666666666665,0.86250000000000004,196.5,323.5,235.5,364.5
90,0.69300000000000006,-0.11424999999999998,-0.16250000000000001,0.81074999999999997,0.86250000000000004,275.5,407.5,312.5,448.5
91,0.432,-0.10050000000000001,-0.3125,0.54949999999999999,0.9375,154.5,973.5,180.5,1023.5
92,0.57799999999999996,-0.10637606837606835,-0.23750000000000002,0.69362393162393166,0.9375,691.5,721.5,723.5,768.5
93,0.432,-0.11774999999999998,-0.3125,0.53225,0.9375,181.5,973.5,207.5,1023.5
94,0.49199999999999999,-0.043322368421052672,0.4375,0.58167763157894725,0.91249999999999998,237.5,138.5,262.5,157.5
95,0.72499999999999998,-0.11294444444444444,-0.26250000000000001,0.83705555555555555,0.26250000000000001,571.5,162.5,609.5,183.5
96,0.45000000000000001,-0.071783333333333366,0.4375,0.50321666666666665,0.91249999999999998,316.5,138.5,339.5,157.5
97,0.622,-0.092062500000000005,-0.16250000000000001,0.73293750000000002,0.6875,973.5,289.5,1006.5,323.5
98,0.66100000000000003,-0.10600000000000002,-0.16250000000000001,0.76900000000000002,0.86250000000000004,337.5,407.5,372.5,448.5
99,0.622,-0.11585714285714289,-0.13750000000000001,0.70914285714285707,0.66249999999999998,754.5,217.5,787.5,249.5
100,0.66100000000000003,-0.11304545454545453,-0.13750000000000001,0.76195454545454555,0.86250000000000004,407.5,324.5,442.5,364.5
101,0.623,-0.11392857142857131,-0.16250000000000001,0.73607142857142871,0.66249999999999998,819.5,251.5,853.5,284.5
102,0.49199999999999999,-0.13991212121212121,-0.16250000000000001,0.63508787878787887,0.88750000000000007,109.5,0.5,140.5,42.5
103,0.66600000000000004,-0.10712499999999997,-0.36249999999999999,0.76787499999999997,0.66249999999999998,373.5,407.5,408.5,448.5
104,0.68500000000000005,-0.10749999999999997,-0.16250000000000001,0.79249999999999998,0.86250000000000004,409.5,407.5,445.5,448.5
105,0.32300000000000001,-0.10474999999999997,-0.16250000000000001,0.42025000000000001,0.88750000000000007,405.5,534.5,426.5,576.5
106,0.34500000000000003,-0.2092,-0.33750000000000002,0.44080000000000003,0.88750000000000007,277.5,872.5,303.5,921.5
107,0.64300000000000002,-0.11044999999999996,-0.16250000000000001,0.76455000000000006,0.86250000000000004,486.5,407.5,521.5,448.5
108,0.32300000000000001,-0.10174999999999999,-0.16250000000000001,0.42325000000000002,0.86250000000000004,560.5,407.5,581.5,448.5
109,0.93800000000000006,-0.10050000000000001,-0.16250000000000001,1.0495000000000001,0.66249999999999998,60.5,793.5,106.5,826.5
110,0.67400000000000004,-0.10000000000000003,-0.13750000000000001,0.77500000000000002,0.66249999999999998,887.5,217.5,922.5,249.5
111,0.64200000000000002,-0.11678968253968253,-0.16250000000000001,0.75821031746031753,0.66249999999999998,888.5,251.5,923.5,284.5
112,0.66100000000000003,-0.10694444444444448,-0.33750000000000002,0.7680555555555556,0.6875,582.5,407.5,617.5,448.5
113,0.66100000000000003,-0.11250000000000002,-0.33750000000000002,0.76250000000000007,0.6875,618.5,407.5,653.5,448.5
114,0.51800000000000002,-0.10031818181818181,-0.16250000000000001,0.64968181818181825,0.66249999999999998,963.5,251.5,993.5,284.5
115,0.58999999999999997,-0.086996212121212113,-0.16250000000000001,0.71300378787878793,0.66249999999999998,237.5,216.5,269.5,249.5
116,0.53200000000000003,-0.13054545454545452,-0.16250000000000001,0.6444545454545455,0.86250000000000004,694.5,407.5,725.5,448.5
117,0.67400000000000004,-0.10300000000000004,-0.16250000000000001,0.77200000000000002,0.6875,304.5,250.5,339.5,284.5
118,0.63,-0.1270227272727272,-0.13750000000000001,0.72297727272727275,0.66249999999999998,817.5,217.5,851.5,249.5
119,0.86899999999999999,-0.11622222222222206,-0.13750000000000001,0.98377777777777797,0.66249999999999998,60.5,60.5,104.5,92.5
120,0.63,-0.10349999999999997,-0.16250000000000001,0.72150000000000003,0.66249999999999998,270.5,216.5,303.5,249.5
121,0.63600000000000001,-0.113468253968254,-0.33750000000000002,0.73653174603174609,0.66249999999999998,443.5,324.5,477.5,364.5
122,0.58999999999999997,-0.10719117647058823,-0.13750000000000001,0.69280882352941175,0.6875,304.5,216.5,336.5,249.5
123,0.47400000000000003,-0.13225000000000001,-0.28750000000000003,0.59275,0.91249999999999998,481.5,720.5,510.5,768.5
124,0.29199999999999998,-0.10299999999999999,-0.36249999999999999,0.39700000000000002,1.0625,237.5,711.5,257.5,768.5
125,0.47400000000000003,-0.1119666666666667,-0.3125,0.5880333333333333,0.91249999999999998,340.5,872.5,368.5,921.5
126,0.54900000000000004,-0.042550000000000074,0.0625,0.63244999999999996,0.5625,812.5,163.5,839.5,183.5
160,0.186,0,0,0,0,0,0,0,0
161,0.32400000000000001,-0.099500000000000005,-0.33750000000000002,0.42549999999999999,0.66249999999999998,478.5,324.5,499.5,364.5
162,0.628,-0.1221333333333333,-0.26250000000000001,0.72786666666666666,0.76250000000000007,795.5,407.5,829.5,448.5
163,0.75800000000000001,-0.11496794891076022,-0.16250000000000001,0.86003205108923975,0.86250000000000004,196.5,281.5,235.5,322.5
164,0.63400000000000001,-0.08012815572792778,-0.1125,0.71987184427207218,0.71250000000000002,408.5,216.5,440.5,249.5
165,0.75,-0.1011847826434904,-0.16250000000000001,0.82381521735650964,0.86250000000000004,907.5,407.5,944.5,448.5
166,0.29599999999999999,-0.10200000000000001,-0.16250000000000001,0.39800000000000002,0.98750000000000004,822.5,722.5,842.5,768.5
167,0.63600000000000001,-0.13300952380952383,-0.3125,0.76699047619047622,0.86250000000000004,724.5,721.5,760.5,768.5
168,0.50900000000000001,-0.098607142857142865,0.4375,0.60139285714285717,0.91249999999999998,393.5,138.5,421.5,157.5
169,0.79200000000000004,-0.098429166666666651,-0.16250000000000001,0.90157083333333332,0.86250000000000004,154.5,397.5,194.5,438.5
170,0.35100000000000003,-0.086384615384615421,0.28750000000000003,0.4636153846153846,0.83750000000000002,1001.5,227.5,1023.5,249.5
171,0.63200000000000001,-0.10021874999999997,-0.037499999999999999,0.72478125000000004,0.73750000000000004,237.5,184.5,270.5,215.5
172,0.56400000000000006,-0.098250000000000004,-0.037499999999999999,0.65175000000000005,0.5625,993.5,191.5,1023.5,215.5
173,0.59999999999999998,-0.087000000000000008,0.037499999999999999,0.56300000000000006,0.53749999999999998,675.5,163.5,701.5,183.5
174,0.79200000000000004,-0.10552597402597402,-0.16250000000000001,0.89447402597402592,0.86250000000000004,154.5,355.5,194.5,396.5
175,0.47300000000000003,-0.096681818181818174,0.4375,0.57831818181818184,0.91249999999999998,630.5,138.5,657.5,157.5
176,0.42999999999999999,-0.13178333333333336,0.1875,0.54321666666666668,0.86250000000000004,654.5,188.5,681.5,215.5
177,0.57600000000000007,-0.090117647058823511,-0.13750000000000001,0.6848823529411765,0.83750000000000002,774.5,325.5,805.5,364.5
178,0.36899999999999999,-0.10862500000000001,0.1875,0.49137500000000001,0.86250000000000004,604.5,188.5,628.5,215.5
179,0.36499999999999999,-0.10589285714285715,0.1875,0.46910714285714283,0.86250000000000004,580.5,188.5,603.5,215.5
180,0.45000000000000001,-0.081180555555555534,0.4375,0.5188194444444445,0.91249999999999998,368.5,138.5,392.5,157.5
181,0.69900000000000007,-0.10149999999999997,-0.36249999999999999,0.79849999999999999,0.66249999999999998,314.5,365.5,350.5,406.5
182,0.70899999999999996,-0.11975000000000001,-0.26250000000000001,0.80525000000000002,0.86250000000000004,268.5,665.5,305.5,710.5
183,0.33000000000000002,-0.10275396825396825,0.037499999999999999,0.42224603174603176,0.61250000000000004,377.5,160.5,398.5,183.5
184,0.28200000000000003,-0.09635714285714285,-0.36249999999999999,0.37864285714285717,0.16250000000000001,529.5,162.5,548.5,183.5
185,0.32500000000000001,-0.10959999999999996,0.1875,0.41540000000000005,0.86250000000000004,411.5,188.5,432.5,215.5
186,0.35000000000000003,-0.10550694444444446,0.28750000000000003,0.44449305555555557,0.86250000000000004,291.5,160.5,313.5,183.5
187,0.63200000000000001,-0.095779411764705905,-0.0625,0.72922058823529412,0.71250000000000002,923.5,218.5,956.5,249.5
188,0.90500000000000003,-0.10652857142857136,-0.16250000000000001,1.0184714285714287,0.86250000000000004,60.5,450.5,105.5,491.5
189,0.875,-0.105725,-0.16250000000000001,0.99427500000000002,0.86250000000000004,60.5,18.5,104.5,59.5
190,0.94500000000000006,-0.1125714285714286,-0.16250000000000001,1.0624285714285713,0.86250000000000004,60.5,827.5,107.5,868.5
191,0.64900000000000002,-0.10452777777777775,-0.33750000000000002,0.74547222222222231,0.66249999999999998,633.5,324.5,667.5,364.5
192,0.755,-0.12194130445244405,-0.16250000000000001,0.878058695547556,1.0875000000000001,208.5,973.5,248.5,1023.5
193,0.755,-0.12194130445244405,-0.16250000000000001,0.878058695547556,1.0875000000000001,249.5,973.5,289.5,1023.5
194,0.755,-0.12194130445244405,-0.16250000000000001,0.878058695547556,1.0875000000000001,290.5,973.5,330.5,1023.5
195,0.755,-0.12194130445244405,-0.16250000000000001,0.878058695547556,1.0875000000000001,331.5,973.5,371.5,1023.5
196,0.755,-0.12194130445244405,-0.16250000000000001,0.878058695547556,1.0875000000000001,372.5,973.5,412.5,1023.5
197,0.755,-0.12194130445244405,-0.16250000000000001,0.878058695547556,1.0625,154.5,305.5,194.5,354.5
198,1.0050000000000001,-0.12689285714285717,-0.16250000000000001,1.1231071428571429,0.86250000000000004,0.5,494.5,50.5,535.5
199,0.73299999999999998,-0.11314285714285709,-0.33750000000000002,0.83685714285714285,0.86250000000000004,549.5,720.5,587.5,768.5
200,0.66700000000000004,-0.10285714285714286,-0.16250000000000001,0.77214285714285713,1.0875000000000001,413.5,973.5,448.5,1023.5
201,0.66700000000000004,-0.10285714285714286,-0.16250000000000001,0.77214285714285713,1.0875000000000001,449.5,973.5,484.5,1023.5
202,0.66700000000000004,-0.10285714285714286,-0.16250000000000001,0.77214285714285713,1.0875000000000001,485.5,973.5,520.5,1023.5
203,0.66700000000000004,-0.10285714285714286,-0.16250000000000001,0.77214285714285713,1.0875000000000001,521.5,973.5,556.5,1023.5
204,0.36799999999999999,-0.19837499999999997,-0.16250000000000001,0.47662500000000002,1.0875000000000001,557.5,973.5,584.5,1023.5
205,0.36799999999999999,-0.10674999999999997,-0.16250000000000001,0.56825000000000003,1.0875000000000001,585.5,973.5,612.5,1023.5
206,0.36799999999999999,-0.16701098901098901,-0.16250000000000001,0.50798901098901095,1.0875000000000001,613.5,973.5,640.5,1023.5
207,0.36799999999999999,-0.17374999999999999,-0.16250000000000001,0.55125000000000002,1.0875000000000001,641.5,973.5,670.5,1023.5
208,0.76600000000000001,-0.098214285714285726,-0.16250000000000001,0.87678571428571428,0.86250000000000004,196.5,239.5,235.5,280.5
209,0.73999999999999999,-0.10550000000000001,-0.16250000000000001,0.84450000000000003,1.0875000000000001,671.5,973.5,709.5,1023.5
210,0.74199999999999999,-0.11618249999999998,-0.16250000000000001,0.85881750000000001,1.0875000000000001,710.5,973.5,749.5,1023.5
211,0.74199999999999999,-0.11618249999999998,-0.16250000000000001,0.85881750000000001,1.0875000000000001,750.5,973.5,789.5,1023.5
212,0.74199999999999999,-0.11618249999999998,-0.16250000000000001,0.85881750000000001,1.0875000000000001,790.5,973.5,829.5,1023.5
213,0.74199999999999999,-0.11618249999999998,-0.16250000000000001,0.85881750000000001,1.0875000000000001,830.5,973.5,869.5,1023.5
214,0.74199999999999999,-0.11618249999999998,-0.16250000000000001,0.85881750000000001,1.0875000000000001,870.5,973.5,909.5,1023.5
215,0.63900000000000001,-0.07710714285714286,-0.087500000000000008,0.72289285714285711,0.71250000000000002,646.5,217.5,678.5,249.5
216,0.74199999999999999,-0.11618249999999998,-0.1875,0.85881750000000001,0.91249999999999998,196.5,194.5,235.5,238.5
217,0.746,-0.10267307692307688,-0.16250000000000001,0.84732692307692314,1.0875000000000001,910.5,973.5,948.5,1023.5
218,0.746,-0.10267307692307688,-0.16250000000000001,0.84732692307692314,1.0875000000000001,949.5,973.5,987.5,1023.5
219,0.746,-0.10267307692307688,-0.16250000000000001,0.84732692307692314,1.0875000000000001,305.5,922.5,343.5,972.5
220,0.746,-0.10267307692307688,-0.16250000000000001,0.84732692307692314,1.0875000000000001,344.5,922.5,382.5,972.5
221,0.70999999999999996,-0.13713333333333333,-0.16250000000000001,0.83786666666666665,1.0875000000000001,383.5,922.5,422.5,972.5
222,0.70499999999999996,-0.10735714285714289,-0.16250000000000001,0.81764285714285712,0.86250000000000004,790.5,365.5,827.5,406.5
223,0.68200000000000005,-0.10370454545454547,-0.16250000000000001,0.77129545454545456,0.86250000000000004,868.5,365.5,903.5,406.5
224,0.622,-0.092062500000000005,-0.16250000000000001,0.73293750000000002,0.91249999999999998,938.5,667.5,971.5,710.5
225,0.622,-0.092062500000000005,-0.16250000000000001,0.73293750000000002,0.91249999999999998,972.5,667.5,1005.5,710.5
226,0.622,-0.092062500000000005,-0.16250000000000001,0.73293750000000002,0.91249999999999998,237.5,621.5,270.5,664.5
227,0.622,-0.092062500000000005,-0.16250000000000001,0.73293750000000002,0.91249999999999998,271.5,621.5,304.5,664.5
228,0.622,-0.092062500000000005,-0.16250000000000001,0.73293750000000002,0.91249999999999998,305.5,621.5,338.5,664.5
229,0.622,-0.092062500000000005,-0.16250000000000001,0.73293750000000002,0.9375,409.5,666.5,442.5,710.5
230,0.93500000000000005,-0.098235714285714273,-0.16250000000000001,1.0517642857142857,0.6875,60.5,758.5,106.5,792.5
231,0.622,-0.10642500000000002,-0.3125,0.71857500000000007,0.66249999999999998,740.5,325.5,773.5,364.5
232,0.623,-0.11392857142857131,-0.16250000000000001,0.73607142857142871,0.91249999999999998,339.5,621.5,373.5,664.5
233,0.623,-0.11392857142857131,-0.16250000000000001,0.73607142857142871,0.91249999999999998,374.5,621.5,408.5,664.5
234,0.623,-0.11392857142857131,-0.16250000000000001,0.73607142857142871,0.91249999999999998,409.5,621.5,443.5,664.5
235,0.623,-0.11392857142857131,-0.16250000000000001,0.73607142857142871,0.91249999999999998,477.5,621.5,511.5,664.5
236,0.32300000000000001,-0.22203333333333333,-0.16250000000000001,0.42796666666666672,0.91249999999999998,548.5,621.5,574.5,664.5
237,0.32300000000000001,-0.1027817460317461,-0.16250000000000001,0.52221825396825383,0.91249999999999998,575.5,621.5,600.5,664.5
238,0.32300000000000001,-0.16954615384615376,-0.16250000000000001,0.50545384615384625,0.91249999999999998,601.5,621.5,628.5,664.5
239,0.32300000000000001,-0.19135714285714281,-0.16250000000000001,0.50864285714285729,0.91249999999999998,629.5,621.5,657.5,664.5
240,0.63800000000000001,-0.12223949579831936,-0.16250000000000001,0.75276050420168061,0.83750000000000002,371.5,324.5,406.5,364.5
241,0.67400000000000004,-0.10000000000000003,-0.13750000000000001,0.77500000000000002,0.91249999999999998,524.5,534.5,559.5,576.5
242,0.64200000000000002,-0.11678968253968253,-0.16250000000000001,0.75821031746031753,0.91249999999999998,658.5,621.5,693.5,664.5
243,0.64200000000000002,-0.11678968253968253,-0.16250000000000001,0.75821031746031753,0.91249999999999998,727.5,621.5,762.5,664.5
244,0.64200000000000002,-0.11678968253968253,-0.16250000000000001,0.75821031746031753,0.91249999999999998,796.5,621.5,831.5,664.5
245,0.64200000000000002,-0.11678968253968253,-0.16250000000000001,0.75821031746031753,0.91249999999999998,832.5,621.5,867.5,664.5
246,0.64200000000000002,-0.11678968253968253,-0.16250000000000001,0.75821031746031753,0.91249999999999998,868.5,621.5,903.5,664.5
247,0.51700000000000002,-0.11513750000000002,-0.13750000000000001,0.60986249999999997,0.71250000000000002,943.5,289.5,972.5,323.5
248,0.64200000000000002,-0.11678968253968253,-0.16250000000000001,0.75821031746031753,0.6875,840.5,289.5,875.5,323.5
249,0.67400000000000004,-0.10300000000000004,-0.16250000000000001,0.77200000000000002,0.91249999999999998,904.5,621.5,939.5,664.5
250,0.67400000000000004,-0.10300000000000004,-0.16250000000000001,0.77200000000000002,0.91249999999999998,940.5,621.5,975.5,664.5
251,0.67400000000000004,-0.10300000000000004,-0.16250000000000001,0.77200000000000002,0.91249999999999998,976.5,621.5,1011.5,664.5
252,0.67400000000000004,-0.10300000000000004,-0.16250000000000001,0.77200000000000002,0.91249999999999998,237.5,577.5,272.5,620.5
253,0.63600000000000001,-0.113468253968254,-0.33750000000000002,0.73653174603174609,0.91249999999999998,423.5,922.5,457.5,972.5
254,0.66200000000000003,-0.10025000000000001,-0.33750000000000002,0.77475000000000005,0.86250000000000004,616.5,720.5,651.5,768.5
255,0.63600000000000001,-0.113468253968254,-0.33750000000000002,0.73653174603174609,0.91249999999999998,458.5,922.5,492.5,972.5
256,0.755,-0.12194130445244405,-0.16250000000000001,0.878058695547556,1.0625,154.5,255.5,194.5,304.5
257,0.622,-0.092062500000000005,-0.16250000000000001,0.73293750000000002,0.91249999999999998,273.5,577.5,306.5,620.5
258,0.755,-0.12194130445244405,-0.16250000000000001,0.878058695547556,1.0625,154.5,205.5,194.5,254.5
259,0.622,-0.092062500000000005,-0.16250000000000001,0.73293750000000002,0.91249999999999998,307.5,577.5,340.5,620.5
260,0.755,-0.11635523507769069,-0.36249999999999999,0.88364476492230937,0.86250000000000004,154.5,155.5,194.5,204.5
261,0.622,-0.095833333333333368,-0.33750000000000002,0.72916666666666663,0.66249999999999998,500.5,324.5,533.5,364.5
262,0.73299999999999998,-0.11215384615384616,-0.16250000000000001,0.8378461538461538,1.0875000000000001,493.5,922.5,531.5,972.5
263,0.622,-0.11585714285714289,-0.13750000000000001,0.70914285714285707,0.91249999999999998,629.5,534.5,662.5,576.5
264,0.73299999999999998,-0.11215384615384616,-0.16250000000000001,0.8378461538461538,1.0875000000000001,532.5,922.5,570.5,972.5
265,0.622,-0.11585714285714289,-0.13750000000000001,0.70914285714285707,0.91249999999999998,663.5,534.5,696.5,576.5
266,0.73299999999999998,-0.11215384615384616,-0.16250000000000001,0.8378461538461538,1.0875000000000001,571.5,922.5,609.5,972.5
267,0.622,-0.11585714285714289,-0.13750000000000001,0.70914285714285707,0.9375,341.5,577.5,374.5,620.5
268,0.73299999999999998,-0.11215384615384616,-0.16250000000000001,0.8378461538461538,1.0875000000000001,610.5,922.5,648.5,972.5
269,0.622,-0.11585714285714289,-0.13750000000000001,0.70914285714285707,0.9375,375.5,577.5,408.5,620.5
270,0.73999999999999999,-0.11111111111111106,-0.16250000000000001,0.86388888888888893,1.0875000000000001,649.5,922.5,688.5,972.5
271,0.81400000000000006,-0.11600699300699308,-0.13750000000000001,1.033993006993007,0.86250000000000004,60.5,717.5,106.5,757.5
272,0.76400000000000001,-0.11426428571428561,-0.16250000000000001,0.8857357142857144,0.86250000000000004,154.5,113.5,194.5,154.5
273,0.66200000000000003,-0.1112954545454545,-0.16250000000000001,0.81370454545454551,0.86250000000000004,522.5,407.5,559.5,448.5
274,0.66700000000000004,-0.10285714285714286,-0.16250000000000001,0.77214285714285713,1.0625,396.5,872.5,431.5,921.5
275,0.623,-0.11392857142857131,-0.16250000000000001,0.73607142857142871,0.91249999999999998,479.5,577.5,513.5,620.5
276,0.66700000000000004,-0.10285714285714286,-0.16250000000000001,0.77214285714285713,1.0625,432.5,872.5,467.5,921.5
277,0.623,-0.11392857142857131,-0.16250000000000001,0.73607142857142871,0.91249999999999998,550.5,577.5,584.5,620.5
278,0.66700000000000004,-0.10285714285714286,-0.16250000000000001,0.77214285714285713,1.0875000000000001,988.5,973.5,1023.5,1023.5
279,0.623,-0.11392857142857131,-0.16250000000000001,0.73607142857142871,0.9375,477.5,666.5,511.5,710.5
280,0.66700000000000004,-0.10800000000000003,-0.36249999999999999,0.79200000000000004,0.86250000000000004,468.5,872.5,504.5,921.5
281,0.623,-0.10815972222222223,-0.36249999999999999,0.71684027777777781,0.6875,697.5,534.5,730.5,576.5
282,0.66700000000000004,-0.10285714285714286,-0.16250000000000001,0.77214285714285713,1.0875000000000001,689.5,922.5,724.5,972.5
283,0.623,-0.11392857142857131,-0.16250000000000001,0.73607142857142871,0.9375,512.5,666.5,546.5,710.5
284,0.753,-0.12003571428571425,-0.16250000000000001,0.87996428571428575,1.0875000000000001,154.5,62.5,194.5,112.5
285,0.66600000000000004,-0.10712499999999997,-0.36249999999999999,0.76787499999999997,0.91249999999999998,387.5,820.5,422.5,871.5
286,0.753,-0.12003571428571425,-0.16250000000000001,0.87996428571428575,1.0625,154.5,12.5,194.5,61.5
287,0.66600000000000004,-0.10712499999999997,-0.36249999999999999,0.76787499999999997,0.91249999999999998,423.5,820.5,458.5,871.5
288,0.753,-0.12003571428571425,-0.16250000000000001,0.87996428571428575,1.0875000000000001,725.5,922.5,765.5,972.5
289,0.66600000000000004,-0.10712499999999997,-0.36249999999999999,0.76787499999999997,0.9375,294.5,716.5,329.5,768.5
290,0.753,-0.12003571428571425,-0.38750000000000001,0.87996428571428575,0.86250000000000004,766.5,922.5,806.5,972.5
291,0.66600000000000004,-0.10712499999999997,-0.36249999999999999,0.76787499999999997,0.96250000000000002,258.5,715.5,293.5,768.5
292,0.77200000000000002,-0.10100000000000003,-0.16250000000000001,0.874,1.0875000000000001,807.5,922.5,846.5,972.5
293,0.68500000000000005,-0.10749999999999997,-0.16250000000000001,0.79249999999999998,1.0625,505.5,872.5,541.5,921.5
294,0.77200000000000002,-0.10100000000000003,-0.16250000000000001,0.874,0.86250000000000004,196.5,65.5,235.5,106.5
295,0.68500000000000005,-0.11229166666666665,-0.16250000000000001,0.78770833333333334,0.86250000000000004,495.5,449.5,531.5,490.5
296,0.36799999999999999,-0.15403296703296704,-0.16250000000000001,0.52096703296703295,1.0875000000000001,847.5,922.5,874.5,972.5
297,0.32300000000000001,-0.17350000000000002,-0.16250000000000001,0.50150000000000006,0.91249999999999998,719.5,577.5,746.5,620.5
298,0.36799999999999999,-0.17949999999999997,-0.16250000000000001,0.54549999999999998,1.0625,542.5,872.5,571.5,921.5
299,0.32300000000000001,-0.17168181818181819,-0.16250000000000001,0.50331818181818178,0.91249999999999998,747.5,577.5,774.5,620.5
300,0.36799999999999999,-0.13890259740259739,-0.16250000000000001,0.51109740259740266,1.0625,572.5,872.5,598.5,921.5
301,0.32300000000000001,-0.14490714285714285,-0.16250000000000001,0.48009285714285715,0.91249999999999998,775.5,577.5,800.5,620.5
302,0.36799999999999999,-0.10300000000000001,-0.36249999999999999,0.47200000000000003,0.86250000000000004,599.5,872.5,622.5,921.5
303,0.32300000000000001,-0.097500000000000017,-0.28750000000000003,0.42749999999999999,0.88750000000000007,800.5,721.5,821.5,768.5
304,0.36799999999999999,-0.10424999999999998,-0.16250000000000001,0.47075,1.0875000000000001,875.5,922.5,898.5,972.5
305,0.32300000000000001,-0.10464285714285719,-0.16250000000000001,0.42035714285714282,0.66249999999999998,588.5,251.5,609.5,284.5
306,0.80700000000000005,-0.10600000000000002,-0.16250000000000001,0.91900000000000004,0.86250000000000004,154.5,931.5,195.5,972.5
307,0.71199999999999997,-0.10874999999999999,-0.33750000000000002,0.81625000000000003,0.88750000000000007,623.5,872.5,660.5,921.5
308,0.70200000000000007,-0.11539473684210526,-0.16250000000000001,0.80960526315789483,1.0875000000000001,899.5,922.5,936.5,972.5
309,0.48199999999999998,-0.11669999999999998,-0.33750000000000002,0.58329999999999993,0.91249999999999998,937.5,922.5,965.5,972.5
310,0.71499999999999997,-0.10349038548535094,-0.38750000000000001,0.84650961451464901,0.86250000000000004,966.5,922.5,1004.5,972.5
311,0.64300000000000002,-0.11044999999999996,-0.41250000000000003,0.76455000000000006,0.86250000000000004,459.5,820.5,494.5,871.5
312,0.64300000000000002,-0.10199998877813148,-0.13750000000000001,0.77300001122186857,0.66249999999999998,576.5,217.5,611.5,249.5
313,0.626,-0.10796428571428567,-0.16250000000000001,0.76703571428571438,1.0875000000000001,801.5,821.5,836.5,871.5
314,0.32300000000000001,-0.10113888888888892,-0.16250000000000001,0.52386111111111111,1.0875000000000001,837.5,821.5,862.5,871.5
315,0.626,-0.10796428571428567,-0.38750000000000001,0.76703571428571438,0.86250000000000004,863.5,821.5,898.5,871.5
316,0.32300000000000001,-0.11931249999999997,-0.41250000000000003,0.4306875,0.86250000000000004,495.5,820.5,517.5,871.5
317,0.626,-0.10796428571428567,-0.16250000000000001,0.76703571428571438,0.86250000000000004,467.5,491.5,502.5,532.5
318,0.47300000000000003,-0.10496153846153844,-0.16250000000000001,0.6950384615384616,0.86250000000000004,434.5,491.5,466.5,532.5
319,0.629,-0.10796428571428567,-0.16250000000000001,0.76703571428571438,0.86250000000000004,398.5,491.5,433.5,532.5
320,0.5,-0.10546153846153843,-0.16250000000000001,0.61953846153846159,0.86250000000000004,368.5,491.5,397.5,532.5
321,0.63400000000000001,-0.13681282051282051,-0.16250000000000001,0.78818717948717953,0.86250000000000004,330.5,491.5,367.5,532.5
322,0.40000000000000002,-0.10938068181818179,-0.16250000000000001,0.51561931818181828,0.86250000000000004,304.5,491.5,329.5,532.5
323,0.73999999999999999,-0.10550000000000001,-0.16250000000000001,0.84450000000000003,1.0875000000000001,899.5,821.5,937.5,871.5
324,0.67400000000000004,-0.10000000000000003,-0.13750000000000001,0.77500000000000002,0.91249999999999998,731.5,534.5,766.5,576.5
325,0.73999999999999999,-0.10550000000000001,-0.38750000000000001,0.84450000000000003,0.86250000000000004,938.5,821.5,976.5,871.5
326,0.67400000000000004,-0.10000000000000003,-0.41250000000000003,0.77500000000000002,0.66249999999999998,835.5,577.5,870.5,620.5
327,0.73999999999999999,-0.10550000000000001,-0.16250000000000001,0.84450000000000003,1.0875000000000001,977.5,821.5,1015.5,871.5
328,0.67400000000000004,-0.10000000000000003,-0.13750000000000001,0.77500000000000002,0.9375,871.5,577.5,906.5,620.5
329,0.67400000000000004,-0.22590909090909098,-0.13750000000000001,0.77409090909090905,0.88750000000000007,196.5,794.5,236.5,835.5
330,0.73999999999999999,-0.10300000000000001,-0.38750000000000001,0.84699999999999998,0.83750000000000002,661.5,872.5,699.5,921.5
331,0.67400000000000004,-0.098250000000000032,-0.36249999999999999,0.77675000000000005,0.66249999999999998,237.5,491.5,272.5,532.5
332,0.74199999999999999,-0.11618249999999998,-0.16250000000000001,0.85881750000000001,1.0625,196.5,15.5,235.5,64.5
333,0.64200000000000002,-0.11678968253968253,-0.16250000000000001,0.75821031746031753,0.91249999999999998,907.5,577.5,942.5,620.5
334,0.74199999999999999,-0.11618249999999998,-0.16250000000000001,0.85881750000000001,1.0625,237.5,872.5,276.5,921.5
335,0.64200000000000002,-0.11678968253968253,-0.16250000000000001,0.75821031746031753,0.91249999999999998,943.5,577.5,978.5,620.5
336,0.74199999999999999,-0.11618249999999998,-0.16250000000000001,0.85881750000000001,1.0875000000000001,237.5,769.5,276.5,819.5
337,0.64200000000000002,-0.11678968253968253,-0.16250000000000001,0.75821031746031753,0.9375,658.5,666.5,693.5,710.5
338,1.002,-0.1275357142857142,-0.16250000000000001,1.1224642857142857,0.86250000000000004,0.5,452.5,50.5,493.5
339,0.96299999999999997,-0.11931578947368414,-0.16250000000000001,1.0806842105263159,0.66249999999999998,60.5,990.5,108.5,1023.5
340,0.72199999999999998,-0.096968749999999979,-0.16250000000000001,0.82803125,1.0875000000000001,277.5,769.5,314.5,819.5
341,0.51800000000000002,-0.10031818181818181,-0.16250000000000001,0.64968181818181825,0.91249999999999998,306.5,533.5,336.5,576.5
342,0.72199999999999998,-0.096968749999999979,-0.38750000000000001,0.82803125,0.86250000000000004,315.5,769.5,352.5,819.5
343,0.51800000000000002,-0.11738068181818181,-0.41250000000000003,0.65761931818181829,0.66249999999999998,373.5,533.5,404.5,576.5
344,0.72199999999999998,-0.096968749999999979,-0.16250000000000001,0.82803125,1.0875000000000001,353.5,769.5,390.5,819.5
345,0.51800000000000002,-0.10031818181818181,-0.16250000000000001,0.64968181818181825,0.9375,694.5,666.5,724.5,710.5
346,0.69700000000000006,-0.11220604395604393,-0.16250000000000001,0.8127939560439561,1.0875000000000001,391.5,769.5,428.5,819.5
347,0.58999999999999997,-0.086996212121212113,-0.16250000000000001,0.71300378787878793,0.91249999999999998,273.5,533.5,305.5,576.5
348,0.69700000000000006,-0.11220604395604393,-0.16250000000000001,0.8127939560439561,1.0875000000000001,429.5,769.5,466.5,819.5
349,0.58999999999999997,-0.086996212121212113,-0.16250000000000001,0.71300378787878793,0.91249999999999998,979.5,577.5,1011.5,620.5
350,0.69700000000000006,-0.11542857142857138,-0.36249999999999999,0.83457142857142874,0.86250000000000004,700.5,872.5,738.5,921.5
351,0.58999999999999997,-0.085672222222222191,-0.36249999999999999,0.68932777777777776,0.66249999999999998,872.5,535.5,903.5,576.5
352,0.69700000000000006,-0.11220604395604393,-0.16250000000000001,0.8127939560439561,1.0875000000000001,467.5,769.5,504.5,819.5
353,0.58999999999999997,-0.086996212121212113,-0.16250000000000001,0.71300378787878793,0.9375,725.5,666.5,757.5,710.5
356,0.67400000000000004,-0.13746428571428562,-0.16250000000000001,0.81253571428571447,1.0875000000000001,505.5,769.5,543.5,819.5
357,0.53200000000000003,-0.13500699300699298,-0.16250000000000001,0.7649930069930071,0.96250000000000002,337.5,665.5,373.5,710.5
358,0.68200000000000005,-0.12779545454545452,-0.16250000000000001,0.82220454545454547,0.86250000000000004,420.5,449.5,458.5,490.5
359,0.53300000000000003,-0.12389285714285714,-0.13750000000000001,0.65110714285714288,0.86250000000000004,237.5,324.5,268.5,364.5
360,0.746,-0.10267307692307688,-0.16250000000000001,0.84732692307692314,1.0875000000000001,544.5,769.5,582.5,819.5
361,0.67400000000000004,-0.10300000000000004,-0.16250000000000001,0.77200000000000002,0.91249999999999998,654.5,577.5,689.5,620.5
362,0.746,-0.10267307692307688,-0.16250000000000001,0.84732692307692314,1.0625,739.5,872.5,777.5,921.5
363,0.67400000000000004,-0.10300000000000004,-0.16250000000000001,0.77200000000000002,0.91249999999999998,585.5,577.5,620.5,620.5
364,0.746,-0.10267307692307688,-0.16250000000000001,0.84732692307692314,1.0625,778.5,872.5,816.5,921.5
365,0.67400000000000004,-0.10300000000000004,-0.16250000000000001,0.77200000000000002,0.91249999999999998,514.5,577.5,549.5,620.5
366,0.746,-0.10267307692307688,-0.16250000000000001,0.84732692307692314,1.0625,817.5,872.5,855.5,921.5
367,0.67400000000000004,-0.10300000000000004,-0.16250000000000001,0.77200000000000002,0.9375,758.5,666.5,793.5,710.5
368,0.746,-0.10267307692307688,-0.16250000000000001,0.84732692307692314,1.0875000000000001,583.5,769.5,621.5,819.5
369,0.67400000000000004,-0.10300000000000004,-0.16250000000000001,0.77200000000000002,0.9375,794.5,666.5,829.5,710.5
370,0.746,-0.10000000000000001,-0.36249999999999999,0.84999999999999998,0.86250000000000004,856.5,872.5,894.5,921.5
371,0.67400000000000004,-0.10358333333333329,-0.3125,0.77141666666666675,0.6875,534.5,324.5,569.5,364.5
372,0.85599999999999998,-0.1240153846153846,-0.16250000000000001,0.97598461538461545,1.0875000000000001,109.5,973.5,153.5,1023.5
373,0.86899999999999999,-0.11622222222222206,-0.13750000000000001,0.98377777777777797,0.91249999999999998,109.5,855.5,153.5,897.5
374,0.70999999999999996,-0.13713333333333333,-0.16250000000000001,0.83786666666666665,1.0875000000000001,622.5,769.5,661.5,819.5
375,0.63600000000000001,-0.113468253968254,-0.33750000000000002,0.73653174603174609,0.91249999999999998,662.5,769.5,696.5,819.5
376,0.70999999999999996,-0.13713333333333333,-0.16250000000000001,0.83786666666666665,1.0875000000000001,697.5,769.5,736.5,819.5
377,0.69300000000000006,-0.11424999999999998,-0.16250000000000001,0.81074999999999997,1.0875000000000001,737.5,769.5,774.5,819.5
378,0.58999999999999997,-0.10719117647058823,-0.13750000000000001,0.69280882352941175,0.91249999999999998,560.5,534.5,592.5,576.5
379,0.69300000000000006,-0.11424999999999998,-0.16250000000000001,0.81074999999999997,1.0875000000000001,775.5,769.5,812.5,819.5
380,0.58999999999999997,-0.10719117647058823,-0.13750000000000001,0.69280882352941175,0.9375,763.5,621.5,795.5,664.5
381,0.69300000000000006,-0.11424999999999998,-0.16250000000000001,0.81074999999999997,1.0875000000000001,813.5,769.5,850.5,819.5
382,0.58999999999999997,-0.10719117647058823,-0.13750000000000001,0.69280882352941175,0.9375,694.5,621.5,726.5,664.5
383,0.38700000000000001,-0.12375,-0.16250000000000001,0.62624999999999997,0.88750000000000007,493.5,534.5,523.5,576.5
402,0.52200000000000002,-0.16774999934920096,-0.36249999999999999,0.65725000065079908,0.91249999999999998,553.5,820.5,586.5,871.5
508,1.0050000000000001,-0.12689285714285717,-0.16250000000000001,1.1231071428571429,1.0875000000000001,0.5,401.5,50.5,451.5
509,0.93500000000000005,-0.098235714285714273,-0.16250000000000001,1.0517642857142857,0.91249999999999998,60.5,673.5,106.5,716.5
510,0.74199999999999999,-0.11618249999999998,-0.1875,0.85881750000000001,1.0875000000000001,587.5,820.5,626.5,871.5
511,0.64200000000000002,-0.11678968253968253,-0.16250000000000001,0.75821031746031753,0.91249999999999998,512.5,621.5,547.5,664.5
536,0.69700000000000006,-0.11220604395604393,-0.38750000000000001,0.8127939560439561,0.86250000000000004,851.5,769.5,888.5,819.5
537,0.58999999999999997,-0.086996212121212113,-0.41250000000000003,0.71300378787878793,0.66249999999999998,444.5,621.5,476.5,664.5
538,0.67400000000000004,-0.13746428571428562,-0.38750000000000001,0.81253571428571447,0.86250000000000004,925.5,769.5,963.5,819.5
539,0.53200000000000003,-0.13054545454545452,-0.41250000000000003,0.6444545454545455,0.86250000000000004,627.5,820.5,658.5,871.5
567,0.48199999999999998,-0.11725000000000001,-0.33750000000000002,0.58274999999999999,0.66249999999999998,570.5,324.5,598.5,364.5
700,0.22600000000000001,-0.15352403846153845,0.4375,0.37147596153846157,0.96250000000000002,653.5,162.5,674.5,183.5
710,0.52800000000000002,-0.067546153846153881,0.4375,0.60745384615384612,0.91249999999999998,658.5,138.5,685.5,157.5
711,0.52800000000000002,-0.076653846153846156,0.4375,0.59834615384615386,0.9375,733.5,163.5,760.5,183.5
728,0.44500000000000001,-0.085357142857142895,0.4375,0.53964285714285709,0.91249999999999998,576.5,138.5,601.5,157.5
729,0.27700000000000002,-0.099499999999999991,0.4375,0.3755,0.9375,936.5,163.5,955.5,183.5
730,0.29999999999999999,-0.081264285714285706,0.46250000000000002,0.3937357142857143,0.9375,503.5,138.5,522.5,157.5
731,0.30299999999999999,-0.11593506493506496,-0.36249999999999999,0.40906493506493508,0.26250000000000001,237.5,158.5,258.5,183.5
732,0.50700000000000001,-0.081821428571428559,0.4375,0.59317857142857144,0.91249999999999998,422.5,138.5,449.5,157.5
733,0.622,-0.062919642857142896,0.4375,0.68708035714285709,0.9375,761.5,163.5,791.5,183.5
768,0,-0.074783333333333368,0.4375,0.50021666666666664,0.91249999999999998,479.5,138.5,502.5,157.5
769,0,-0.081180555555555534,0.4375,0.5188194444444445,0.91249999999999998,291.5,138.5,315.5,157.5
770,0,-0.067546153846153881,0.4375,0.60745384615384612,0.91249999999999998,602.5,138.5,629.5,157.5
771,0,-0.081821428571428559,0.4375,0.59317857142857144,0.91249999999999998,340.5,138.5,367.5,157.5
772,0,-0.096681818181818174,0.4375,0.57831818181818184,0.91249999999999998,263.5,138.5,290.5,157.5
774,0,-0.085357142857142895,0.4375,0.53964285714285709,0.91249999999999998,984.5,164.5,1009.5,183.5
775,0,-0.099499999999999991,0.4375,0.3755,0.9375,792.5,163.5,811.5,183.5
776,0,-0.098607142857142865,0.4375,0.60139285714285717,0.91249999999999998,450.5,138.5,478.5,157.5
778,0,-0.081264285714285706,0.46250000000000002,0.3937357142857143,0.9375,523.5,138.5,542.5,157.5
779,0,-0.062919642857142896,0.4375,0.68708035714285709,0.9375,840.5,163.5,870.5,183.5
780,0,-0.076653846153846156,0.4375,0.59834615384615386,0.9375,956.5,163.5,983.5,183.5
786,0,0.11046250000000001,0.4375,0.61046250000000002,0.96250000000000002,486.5,162.5,506.5,183.5
806,0,-0.10352403846153847,-0.41250000000000003,0.42147596153846156,0.1125,549.5,162.5,570.5,183.5
807,0,-0.09635714285714285,-0.36249999999999999,0.37864285714285717,0.16250000000000001,633.5,162.5,652.5,183.5
808,0,-0.11593506493506496,-0.36249999999999999,0.40906493506493508,0.26250000000000001,938.5,190.5,959.5,215.5
821,0,-0.089166666666666658,0.0625,0.58583333333333343,0.51249999999999996,0.5,0.5,27.5,18.5
823,0,-0.093533333333333385,-0.16250000000000001,0.7314666666666666,0.6875,751.5,289.5,784.5,323.5
824,0,-0.13562142857142853,-0.1875,0.73937857142857155,0.91249999999999998,583.5,666.5,618.5,710.5
1024,0.66700000000000004,-0.10285714285714286,-0.16250000000000001,0.77214285714285713,1.0875000000000001,964.5,769.5,999.5,819.5
1025,0.66700000000000004,-0.10285714285714286,-0.16250000000000001,0.77214285714285713,1.1125,659.5,820.5,694.5,871.5
1026,0.82200000000000006,-0.12879167768925753,-0.16250000000000001,0.94620832231074248,0.86250000000000004,109.5,544.5,152.5,585.5
1027,0.59899999999999998,-0.10974999999999996,-0.16250000000000001,0.74024999999999996,1.0875000000000001,368.5,718.5,402.5,768.5
1028,0.72799999999999998,-0.12568181818181823,-0.16250000000000001,0.82431818181818173,0.86250000000000004,673.5,365.5,711.5,406.5
1029,0.69700000000000006,-0.11220604395604393,-0.16250000000000001,0.8127939560439561,0.86250000000000004,237.5,365.5,274.5,406.5
1030,0.36799999999999999,-0.10424999999999998,-0.16250000000000001,0.47075,0.86250000000000004,313.5,407.5,336.5,448.5
1031,0.36799999999999999,-0.1693571428571429,-0.16250000000000001,0.53064285714285708,1.1125,695.5,820.5,723.5,871.5
1032,0.70200000000000007,-0.11539473684210526,-0.16250000000000001,0.80960526315789483,0.86250000000000004,425.5,365.5,462.5,406.5
1033,1.1579999999999999,-0.07836666666666664,-0.16250000000000001,1.2716333333333334,0.86250000000000004,0.5,705.5,54.5,746.5
1034,1.117,-0.1076136366654821,-0.16250000000000001,1.2173863633345179,0.86250000000000004,0.5,663.5,53.5,704.5
1035,0.83000000000000007,-0.13165384615384607,-0.16250000000000001,0.94334615384615395,0.86250000000000004,109.5,502.5,152.5,543.5
1036,0.753,-0.099238863709631114,-0.16250000000000001,0.87576113629036889,1.0875000000000001,403.5,718.5,442.5,768.5
1037,0.81000000000000005,-0.10849999999999996,-0.16250000000000001,0.91649999999999998,1.0875000000000001,154.5,880.5,195.5,930.5
1038,0.70100000000000007,-0.10873214285714287,-0.16250000000000001,0.8162678571428571,1.0875000000000001,443.5,718.5,480.5,768.5
1039,0.77200000000000002,-0.099500000000000005,-0.28750000000000003,0.87550000000000006,0.86250000000000004,916.5,722.5,955.5,768.5
1040,0.755,-0.12194130445244405,-0.16250000000000001,0.878058695547556,0.86250000000000004,196.5,620.5,236.5,661.5
1041,0.67200000000000004,-0.10503846153846154,-0.16250000000000001,0.81996153846153852,0.86250000000000004,722.5,449.5,759.5,490.5
1042,0.73399999999999999,-0.098000000000000032,-0.16250000000000001,0.85199999999999998,0.86250000000000004,646.5,449.5,684.5,490.5
1043,0.59899999999999998,-0.10974999999999996,-0.16250000000000001,0.74024999999999996,0.86250000000000004,726.5,407.5,760.5,448.5
1044,0.84499999999999997,-0.12550000000000003,-0.3125,0.97450000000000003,0.86250000000000004,109.5,807.5,153.5,854.5
1045,0.66700000000000004,-0.10285714285714286,-0.16250000000000001,0.77214285714285713,0.86250000000000004,459.5,449.5,494.5,490.5
1046,1.1360000000000001,-0.1121210526315789,-0.16250000000000001,1.262878947368421,0.86250000000000004,0.5,850.5,55.5,891.5
1047,0.71499999999999997,-0.09204090909090909,-0.16250000000000001,0.83295909090909093,0.86250000000000004,904.5,365.5,941.5,406.5
1048,0.81000000000000005,-0.10849999999999996,-0.16250000000000001,0.91649999999999998,0.86250000000000004,154.5,838.5,195.5,879.5
1049,0.81000000000000005,-0.10849999999999996,-0.16250000000000001,0.91649999999999998,1.0875000000000001,154.5,787.5,195.5,837.5
1050,0.753,-0.099238863709631114,-0.16250000000000001,0.87576113629036889,0.86250000000000004,828.5,365.5,867.5,406.5
1051,0.81300000000000006,-0.10952500007425237,-0.16250000000000001,0.91547499992574766,0.86250000000000004,154.5,745.5,195.5,786.5
1052,0.85599999999999998,-0.10975,-0.16250000000000001,0.96525000000000005,0.86250000000000004,109.5,460.5,152.5,501.5
1053,0.77200000000000002,-0.10100000000000003,-0.16250000000000001,0.874,0.86250000000000004,597.5,365.5,636.5,406.5
1054,0.74199999999999999,-0.11618249999999998,-0.16250000000000001,0.85881750000000001,0.86250000000000004,557.5,365.5,596.5,406.5
1055,0.77200000000000002,-0.10150000000000002,-0.16250000000000001,0.87350000000000005,0.86250000000000004,654.5,407.5,693.5,448.5
1056,0.70499999999999996,-0.10393750000000002,-0.16250000000000001,0.82106250000000003,0.86250000000000004,237.5,407.5,274.5,448.5
1057,0.73299999999999998,-0.11215384615384616,-0.16250000000000001,0.8378461538461538,0.86250000000000004,273.5,449.5,311.5,490.5
1058,0.67400000000000004,-0.13746428571428562,-0.16250000000000001,0.81253571428571447,0.86250000000000004,940.5,535.5,978.5,576.5
1059,0.70100000000000007,-0.10873214285714287,-0.16250000000000001,0.8162678571428571,0.86250000000000004,869.5,407.5,906.5,448.5
1060,0.98999999999999999,-0.10166666666666654,-0.1875,1.0983333333333336,0.91249999999999998,60.5,945.5,108.5,989.5
1061,0.73899999999999999,-0.10324825174825174,-0.16250000000000001,0.87175174825174828,0.86250000000000004,446.5,407.5,485.5,448.5
1062,0.81900000000000006,-0.10449999999999994,-0.28750000000000003,0.94550000000000001,0.86250000000000004,109.5,268.5,151.5,314.5
1063,0.73699999999999999,-0.12149999999999997,-0.16250000000000001,0.82850000000000001,0.86250000000000004,830.5,407.5,868.5,448.5
1064,1.0130000000000001,-0.10399999999999998,-0.16250000000000001,1.121,0.86250000000000004,0.5,143.5,49.5,184.5
1065,1.0600000000000001,-0.10775,-0.3125,1.19225,0.86250000000000004,0.5,573.5,52.5,620.5
1066,0.80700000000000005,-0.13067857142857145,-0.16250000000000001,0.91932142857142862,0.86250000000000004,109.5,226.5,151.5,267.5
1067,1.048,-0.10050000000000002,-0.16250000000000001,1.1495,0.86250000000000004,0.5,359.5,50.5,400.5
1068,0.70499999999999996,-0.11010714285714289,-0.16250000000000001,0.81489285714285709,0.86250000000000004,540.5,491.5,577.5,532.5
1069,0.73299999999999998,-0.068489393939394003,-0.16250000000000001,0.85651060606060603,0.86250000000000004,578.5,491.5,615.5,532.5
1070,1.1100000000000001,-0.10070000000000003,-0.16250000000000001,1.2242999999999999,0.86250000000000004,0.5,621.5,53.5,662.5
1071,0.73699999999999999,-0.083132352941176491,-0.16250000000000001,0.84186764705882355,0.86250000000000004,752.5,365.5,789.5,406.5
1072,0.622,-0.092062500000000005,-0.16250000000000001,0.73293750000000002,0.6875,876.5,289.5,909.5,323.5
1073,0.64200000000000002,-0.11331578947368416,-0.16250000000000001,0.76168421052631585,0.91249999999999998,830.5,667.5,865.5,710.5
1074,0.64400000000000002,-0.099250000000000019,-0.16250000000000001,0.72575000000000001,0.66249999999999998,754.5,251.5,787.5,284.5
1075,0.48399999999999999,-0.10661111111111106,-0.13750000000000001,0.59338888888888897,0.66249999999999998,788.5,217.5,816.5,249.5
1076,0.70399999999999996,-0.1245454545454545,-0.26250000000000001,0.82545454545454555,0.66249999999999998,513.5,286.5,551.5,323.5
1077,0.623,-0.11392857142857131,-0.16250000000000001,0.73607142857142871,0.66249999999999998,610.5,251.5,644.5,284.5
1078,1.0130000000000001,-0.10134615384615382,-0.16250000000000001,1.1236538461538461,0.6875,0.5,108.5,49.5,142.5
1079,0.59799999999999998,-0.099049999999999985,-0.16250000000000001,0.70095000000000007,0.6875,785.5,289.5,817.5,323.5
1080,0.66300000000000003,-0.099999999999999992,-0.16250000000000001,0.77500000000000002,0.66249999999999998,516.5,251.5,551.5,284.5
1081,0.66300000000000003,-0.099999999999999992,-0.16250000000000001,0.77500000000000002,0.9375,547.5,666.5,582.5,710.5
1082,0.66600000000000004,-0.10912499999999999,-0.13750000000000001,0.76587499999999997,0.66249999999999998,679.5,217.5,714.5,249.5
1083,0.66400000000000003,-0.091153846153846169,-0.16250000000000001,0.75884615384615384,0.6875,340.5,250.5,374.5,284.5
1084,0.76000000000000001,-0.099000000000000005,-0.13750000000000001,0.85099999999999998,0.66249999999999998,715.5,217.5,753.5,249.5
1085,0.66300000000000003,-0.10074999999999999,-0.13750000000000001,0.74924999999999997,0.6875,645.5,251.5,679.5,284.5
1086,0.64200000000000002,-0.11678968253968253,-0.16250000000000001,0.75821031746031753,0.66249999999999998,375.5,251.5,410.5,284.5
1087,0.66300000000000003,-0.10000000000000003,-0.13750000000000001,0.75,0.6875,481.5,251.5,515.5,284.5
1088,0.66100000000000003,-0.10694444444444448,-0.33750000000000002,0.7680555555555556,0.6875,904.5,535.5,939.5,576.5
1089,0.622,-0.11585714285714289,-0.13750000000000001,0.70914285714285707,0.66249999999999998,508.5,217.5,541.5,249.5
1090,0.57899999999999996,-0.12449999999999997,-0.16250000000000001,0.70050000000000001,0.66249999999999998,411.5,251.5,444.5,284.5
1091,0.63100000000000001,-0.093362499999999946,-0.33750000000000002,0.73163750000000005,0.66249999999999998,706.5,324.5,739.5,364.5
1092,0.88300000000000001,-0.10621428571428576,-0.33750000000000002,0.99378571428571427,0.86250000000000004,109.5,758.5,153.5,806.5
1093,0.63,-0.10349999999999997,-0.16250000000000001,0.72150000000000003,0.66249999999999998,854.5,251.5,887.5,284.5
1094,0.68900000000000006,-0.107,-0.26250000000000001,0.81800000000000006,0.66249999999999998,581.5,286.5,618.5,323.5
1095,0.65200000000000002,-0.125,-0.13750000000000001,0.75,0.6875,552.5,251.5,587.5,284.5
1096,0.86699999999999999,-0.11074999999999996,-0.16250000000000001,0.96425000000000005,0.6875,109.5,383.5,152.5,417.5
1097,0.89200000000000002,-0.098500000000000018,-0.23750000000000002,1.0265,0.6875,60.5,339.5,105.5,376.5
1098,0.71499999999999997,-0.12194999999999996,-0.16250000000000001,0.82805000000000006,0.66249999999999998,680.5,251.5,718.5,284.5
1099,0.92100000000000004,-0.10624999999999997,-0.16250000000000001,1.01875,0.66249999999999998,60.5,305.5,105.5,338.5
1100,0.60799999999999998,-0.099867647058823533,-0.13750000000000001,0.72513235294117651,0.66249999999999998,612.5,217.5,645.5,249.5
1101,0.63200000000000001,-0.07789062447930932,-0.16250000000000001,0.72210937552069077,0.6875,910.5,289.5,942.5,323.5
1102,0.93700000000000006,-0.10217857142857148,-0.16250000000000001,1.0478214285714285,0.66249999999999998,60.5,639.5,106.5,672.5
1103,0.65500000000000003,-0.076999999999999971,-0.16250000000000001,0.748,0.6875,237.5,250.5,270.5,284.5
1104,0.623,-0.11392857142857131,-0.16250000000000001,0.73607142857142871,0.91249999999999998,444.5,577.5,478.5,620.5
1105,0.623,-0.11392857142857131,-0.16250000000000001,0.73607142857142871,0.91249999999999998,409.5,577.5,443.5,620.5
1106,0.70799999999999996,-0.10699342105263153,-0.33750000000000002,0.8180065789473685,0.86250000000000004,511.5,720.5,548.5,768.5
1107,0.48399999999999999,-0.10063888888888893,-0.13750000000000001,0.62436111111111114,0.91249999999999998,427.5,534.5,456.5,576.5
1108,0.63200000000000001,-0.10169999999999997,-0.16250000000000001,0.69830000000000003,0.6875,271.5,250.5,303.5,284.5
1109,0.58999999999999997,-0.086996212121212113,-0.16250000000000001,0.71300378787878793,0.66249999999999998,375.5,216.5,407.5,249.5
1110,0.32300000000000001,-0.10474999999999997,-0.16250000000000001,0.42025000000000001,0.88750000000000007,767.5,534.5,788.5,576.5
1111,0.32300000000000001,-0.19135714285714281,-0.16250000000000001,0.50864285714285729,0.91249999999999998,690.5,577.5,718.5,620.5
1112,0.34500000000000003,-0.2092,-0.33750000000000002,0.44080000000000003,0.88750000000000007,369.5,872.5,395.5,921.5
1113,0.94300000000000006,-0.10949999999999997,-0.16250000000000001,1.0405,0.6875,60.5,604.5,106.5,638.5
1114,0.94000000000000006,-0.099799999999999986,-0.16250000000000001,1.0502,0.6875,60.5,569.5,106.5,603.5
1115,0.73999999999999999,-0.10904167044256577,-0.13750000000000001,0.8159583295574343,0.86250000000000004,668.5,324.5,705.5,364.5
1116,0.66600000000000004,-0.10912499999999999,-0.13750000000000001,0.76587499999999997,0.91249999999999998,457.5,534.5,492.5,576.5
1117,0.66300000000000003,-0.099999999999999992,-0.16250000000000001,0.77500000000000002,0.91249999999999998,866.5,667.5,901.5,710.5
1118,0.63100000000000001,-0.093362499999999946,-0.33750000000000002,0.73163750000000005,0.9375,315.5,820.5,348.5,871.5
1119,0.66300000000000003,-0.10000000000000001,-0.26250000000000001,0.75,0.6875,267.5,285.5,301.5,323.5
1122,0.78200000000000003,-0.10805714285714287,-0.16250000000000001,0.89194285714285715,0.86250000000000004,196.5,578.5,236.5,619.5
1123,0.64200000000000002,-0.09137777777777778,-0.16250000000000001,0.73362222222222229,0.86250000000000004,348.5,449.5,381.5,490.5
1130,1.008,-0.11823636363636371,-0.16250000000000001,1.1317636363636363,0.86250000000000004,0.5,317.5,50.5,358.5
1131,1.0130000000000001,-0.11091111111111113,-0.16250000000000001,1.089088888888889,0.66249999999999998,60.5,911.5,108.5,944.5
1138,0.74199999999999999,-0.11618249999999998,-0.16250000000000001,0.85881750000000001,0.86250000000000004,945.5,407.5,984.5,448.5
1139,0.64200000000000002,-0.11551818181818184,-0.16250000000000001,0.75948181818181826,0.66249999999999998,445.5,251.5,480.5,284.5
1140,0.73599999999999999,-0.11271666666666667,-0.16250000000000001,0.88728333333333331,0.86250000000000004,196.5,662.5,236.5,703.5
1141,0.63,-0.094727272727272716,-0.16250000000000001,0.75527272727272732,0.66249999999999998,719.5,251.5,753.5,284.5
1168,0.59899999999999998,-0.10825000000000001,-0.16250000000000001,0.74175000000000002,0.98750000000000004,956.5,722.5,990.5,768.5
1169,0.48399999999999999,-0.10722500000000001,-0.16250000000000001,0.61777499999999996,0.78749999999999998,237.5,285.5,266.5,323.5
1170,0.59899999999999998,-0.1394805194805194,-0.16250000000000001,0.68551948051948053,0.86250000000000004,761.5,407.5,794.5,448.5
1171,0.48399999999999999,-0.15867361111111108,-0.13750000000000001,0.59132638888888889,0.66249999999999998,477.5,217.5,507.5,249.5
1172,0.71799999999999997,-0.10187038829997383,-0.23750000000000002,0.84812961170002621,0.86250000000000004,619.5,666.5,657.5,710.5
1173,0.625,-0.10636111111111107,-0.33750000000000002,0.74363888888888896,0.66249999999999998,942.5,366.5,976.5,406.5
1174,1.1759999999999999,-0.1124499956073704,-0.3125,1.3125500043926295,0.86250000000000004,0.5,892.5,57.5,939.5
1175,1.0190000000000001,-0.1055,-0.23750000000000002,1.1445000000000001,0.6875,0.5,279.5,50.5,316.5
1176,0.71499999999999997,-0.09204090909090909,-0.28750000000000003,0.83295909090909093,0.86250000000000004,878.5,722.5,915.5,768.5
1177,0.59799999999999998,-0.099049999999999985,-0.26250000000000001,0.70095000000000007,0.6875,976.5,326.5,1008.5,364.5
1178,0.78600000000000003,-0.10375000000000001,-0.28750000000000003,0.92125000000000001,0.86250000000000004,154.5,647.5,195.5,693.5
1179,0.69500000000000006,-0.10325000000000001,-0.26250000000000001,0.82174999999999998,0.66249999999999998,475.5,286.5,512.5,323.5
1180,0.83299999999999996,-0.10091794871794869,-0.16250000000000001,0.94908205128205136,0.86250000000000004,109.5,184.5,151.5,225.5
1181,0.75600000000000001,-0.10111363636363636,-0.16250000000000001,0.84888636363636361,0.66249999999999998,924.5,251.5,962.5,284.5
1184,0.90800000000000003,-0.12784090909090901,-0.16250000000000001,1.022159090909091,0.86250000000000004,60.5,527.5,106.5,568.5
1185,0.79600000000000004,-0.10458823529411763,-0.16250000000000001,0.89541176470588235,0.66249999999999998,196.5,888.5,236.5,921.5
1186,0.81900000000000006,-0.10500000000000002,-0.28750000000000003,0.94500000000000006,0.86250000000000004,109.5,137.5,151.5,183.5
1187,0.68900000000000006,-0.098750000000000032,-0.26250000000000001,0.82625000000000004,0.6875,340.5,285.5,377.5,323.5
1188,0.96099999999999997,-0.1033611114129569,-0.16250000000000001,1.0966388885870431,0.86250000000000004,60.5,869.5,108.5,910.5
1189,0.79700000000000004,-0.10099999999999996,-0.16250000000000001,0.92400000000000004,0.6875,154.5,612.5,195.5,646.5
1194,0.73299999999999998,-0.11215384615384616,-0.3125,0.8378461538461538,0.86250000000000004,761.5,721.5,799.5,768.5
1195,0.622,-0.11585714285714289,-0.26250000000000001,0.70914285714285707,0.66249999999999998,657.5,286.5,690.5,323.5
1198,0.70999999999999996,-0.1292142857142857,-0.16250000000000001,0.82078571428571434,0.86250000000000004,985.5,407.5,1023.5,448.5
1199,0.61199999999999999,-0.10083333333333325,-0.33750000000000002,0.69916666666666671,0.66249999999999998,991.5,728.5,1023.5,768.5
1200,0.70999999999999996,-0.1292142857142857,-0.16250000000000001,0.82078571428571434,0.86250000000000004,811.5,535.5,849.5,576.5
1201,0.61199999999999999,-0.10083333333333325,-0.33750000000000002,0.69916666666666671,0.66249999999999998,304.5,324.5,336.5,364.5
1206,0.77500000000000002,-0.12149999999999997,-0.28750000000000003,0.90349999999999997,0.86250000000000004,154.5,565.5,195.5,611.5
1207,0.66300000000000003,-0.12124999999999994,-0.26250000000000001,0.80374999999999996,0.6875,302.5,285.5,339.5,323.5
1208,0.76700000000000002,-0.11699999999999998,-0.16250000000000001,0.85799999999999998,0.86250000000000004,196.5,107.5,235.5,148.5
1209,0.71199999999999997,-0.12125,-0.13750000000000001,0.80374999999999996,0.6875,337.5,216.5,374.5,249.5
1210,0.73699999999999999,-0.093499999999999944,-0.16250000000000001,0.85650000000000004,0.86250000000000004,275.5,365.5,313.5,406.5
1211,0.68500000000000005,-0.10749999999999997,-0.16250000000000001,0.79249999999999998,0.86250000000000004,351.5,365.5,387.5,406.5
1216,0.36799999999999999,-0.10424999999999998,-0.16250000000000001,0.47075,0.86250000000000004,463.5,365.5,486.5,406.5
1217,1.1360000000000001,-0.1121210526315789,-0.16250000000000001,1.262878947368421,1.0875000000000001,0.5,799.5,55.5,849.5
1218,1.0130000000000001,-0.10134615384615382,-0.16250000000000001,1.1236538461538461,0.9375,0.5,63.5,49.5,107.5
1227,0.73699999999999999,-0.12149999999999997,-0.3125,0.82850000000000001,0.86250000000000004,652.5,721.5,690.5,768.5
1228,0.65200000000000002,-0.125,-0.26250000000000001,0.75,0.6875,940.5,326.5,975.5,364.5
1231,0.32300000000000001,-0.10174999999999999,-0.16250000000000001,0.42325000000000002,0.86250000000000004,850.5,535.5,871.5,576.5
1232,0.755,-0.12194130445244405,-0.16250000000000001,0.878058695547556,1.0875000000000001,196.5,922.5,236.5,972.5
1233,0.622,-0.092062500000000005,-0.16250000000000001,0.73293750000000002,0.9375,443.5,666.5,476.5,710.5
1234,0.755,-0.12194130445244405,-0.16250000000000001,0.878058695547556,1.1125,196.5,836.5,236.5,887.5
1235,0.622,-0.092062500000000005,-0.16250000000000001,0.73293750000000002,0.91249999999999998,801.5,577.5,834.5,620.5
1236,1.0050000000000001,-0.12689285714285717,-0.16250000000000001,1.1231071428571429,0.86250000000000004,0.5,237.5,50.5,278.5
1237,0.93500000000000005,-0.098235714285714273,-0.16250000000000001,1.0517642857142857,0.6875,60.5,492.5,106.5,526.5
1238,0.66700000000000004,-0.10285714285714286,-0.16250000000000001,0.77214285714285713,1.0875000000000001,889.5,769.5,924.5,819.5
1239,0.623,-0.11392857142857131,-0.16250000000000001,0.73607142857142871,0.9375,374.5,666.5,408.5,710.5
1240,0.74199999999999999,-0.090416666666666687,-0.16250000000000001,0.85958333333333325,0.86250000000000004,882.5,491.5,920.5,532.5
1241,0.623,-0.11934999999999991,-0.13750000000000001,0.73065000000000013,0.66249999999999998,852.5,217.5,886.5,249.5
1244,1.1360000000000001,-0.1121210526315789,-0.16250000000000001,1.262878947368421,1.1125,0.5,747.5,55.5,798.5
1245,1.0130000000000001,-0.10134615384615382,-0.16250000000000001,1.1236538461538461,0.91249999999999998,0.5,19.5,49.5,62.5
1246,0.71499999999999997,-0.09204090909090909,-0.16250000000000001,0.83295909090909093,1.1125,349.5,820.5,386.5,871.5
1247,0.59799999999999998,-0.099049999999999985,-0.16250000000000001,0.70095000000000007,0.91249999999999998,621.5,577.5,653.5,620.5
1250,0.81000000000000005,-0.10849999999999996,-0.16250000000000001,0.91649999999999998,1.0875000000000001,154.5,694.5,195.5,744.5
1251,0.66300000000000003,-0.099999999999999992,-0.16250000000000001,0.77500000000000002,0.91249999999999998,337.5,533.5,372.5,576.5
1252,0.81000000000000005,-0.10849999999999996,-0.16250000000000001,0.91649999999999998,1.1125,109.5,43.5,150.5,94.5
1253,0.66300000000000003,-0.099999999999999992,-0.16250000000000001,0.77500000000000002,0.91249999999999998,902.5,667.5,937.5,710.5
1254,0.74199999999999999,-0.11618249999999998,-0.16250000000000001,0.85881750000000001,1.1125,237.5,820.5,276.5,871.5
1255,0.64200000000000002,-0.11678968253968253,-0.16250000000000001,0.75821031746031753,0.91249999999999998,237.5,533.5,272.5,576.5
1256,0.74199999999999999,-0.11618249999999998,-0.16250000000000001,0.85881750000000001,0.86250000000000004,712.5,365.5,751.5,406.5
1257,0.64200000000000002,-0.11551818181818184,-0.16250000000000001,0.75948181818181826,0.66249999999999998,441.5,216.5,476.5,249.5
1262,0.70100000000000007,-0.10873214285714287,-0.16250000000000001,0.8162678571428571,1.0875000000000001,330.5,718.5,367.5,768.5
1263,0.63100000000000001,-0.093362499999999946,-0.33750000000000002,0.73163750000000005,0.91249999999999998,271.5,922.5,304.5,972.5
1264,0.70100000000000007,-0.10873214285714287,-0.16250000000000001,0.8162678571428571,1.1125,277.5,820.5,314.5,871.5
1265,0.63100000000000001,-0.093362499999999946,-0.33750000000000002,0.73163750000000005,0.91249999999999998,237.5,922.5,270.5,972.5
1266,0.70100000000000007,-0.10873214285714287,-0.16250000000000001,0.8162678571428571,1.1125,763.5,820.5,800.5,871.5
1267,0.63100000000000001,-0.098919642857142887,-0.33750000000000002,0.75108035714285715,0.9375,518.5,820.5,552.5,871.5
1268,0.73699999999999999,-0.12149999999999997,-0.16250000000000001,0.82850000000000001,1.1125,724.5,820.5,762.5,871.5
1269,0.65200000000000002,-0.125,-0.13750000000000001,0.75,0.91249999999999998,593.5,534.5,628.5,576.5
1270,0.59899999999999998,-0.11006578978871957,-0.28750000000000003,0.73993421021128036,0.86250000000000004,843.5,722.5,877.5,768.5
1271,0.48399999999999999,-0.10661111111111106,-0.26250000000000001,0.59338888888888897,0.66249999999999998,552.5,286.5,580.5,323.5
1272,1.048,-0.10050000000000002,-0.16250000000000001,1.1495,1.1125,0.5,185.5,50.5,236.5
1273,0.92100000000000004,-0.10624999999999997,-0.16250000000000001,1.01875,0.91249999999999998,60.5,135.5,105.5,178.5
1306,0.74199999999999999,-0.11686955306175498,-0.23750000000000002,0.85813044693824514,0.86250000000000004,196.5,149.5,235.5,193.5
1307,0.66100000000000003,-0.11250000000000002,-0.33750000000000002,0.76250000000000007,0.6875,637.5,365.5,672.5,406.5
1308,0.85599999999999998,-0.1240153846153846,-0.16250000000000001,0.97598461538461545,0.86250000000000004,109.5,898.5,153.5,939.5
1309,0.86899999999999999,-0.11622222222222206,-0.13750000000000001,0.98377777777777797,0.66249999999999998,109.5,940.5,153.5,972.5
1316,0.81800000000000006,-0.10550000000000001,-0.28750000000000003,0.94450000000000001,0.86250000000000004,109.5,315.5,151.5,361.5
1317,0.68900000000000006,-0.098499999999999976,-0.26250000000000001,0.82650000000000001,0.6875,378.5,285.5,415.5,323.5
8211,0.56100000000000005,-0.10369999999999997,0.0625,0.6463000000000001,0.5625,702.5,163.5,732.5,183.5
8212,0.751,-0.078257309941520428,0.0625,0.84674269005847957,0.5625,898.5,163.5,935.5,183.5
8216,0.29999999999999999,-0.092878289473684233,0.26250000000000001,0.40712171052631579,0.83750000000000002,335.5,160.5,355.5,183.5
8217,0.29499999999999998,-0.091653846153846141,0.26250000000000001,0.40834615384615386,0.83750000000000002,399.5,160.5,419.5,183.5
8218,0.30199999999999999,-0.10675252525252524,-0.21249999999999999,0.39324747474747479,0.36249999999999999,356.5,160.5,376.5,183.5
8220,0.57200000000000006,-0.089883333333333343,0.26250000000000001,0.68511666666666671,0.86250000000000004,259.5,159.5,290.5,183.5
8221,0.56700000000000006,-0.10302222222222214,0.26250000000000001,0.6719777777777779,0.83750000000000002,420.5,160.5,451.5,183.5
8222,0.57400000000000007,-0.11626127819548868,-0.23750000000000002,0.68373872180451134,0.38750000000000001,960.5,190.5,992.5,215.5
8224,0.51800000000000002,-0.13033333333333333,-0.16250000000000001,0.61966666666666681,0.86250000000000004,487.5,365.5,517.5,406.5
8225,0.55200000000000005,-0.10899999999999999,-0.13750000000000001,0.66600000000000004,0.83750000000000002,837.5,325.5,868.5,364.5
8226,0.38800000000000001,-0.084417112299465247,0.087500000000000008,0.46558288770053474,0.61250000000000004,610.5,162.5,632.5,183.5
8230,0.84599999999999997,-0.11024999999999997,-0.13750000000000001,0.93974999999999997,0.36249999999999999,109.5,362.5,151.5,382.5
8240,1.2130000000000001,-0.11486363636363646,-0.16250000000000001,1.3351363636363636,0.86250000000000004,0.5,940.5,58.5,981.5
8249,0.34200000000000003,-0.087062499999999973,-0.0625,0.43793750000000004,0.71250000000000002,979.5,218.5,1000.5,249.5
8250,0.34200000000000003,-0.087327777777777754,-0.037499999999999999,0.43767222222222224,0.73750000000000004,957.5,218.5,978.5,249.5
8260,0.18099999999999999,-0.27741904755685537,-0.13750000000000001,0.54758095244314464,0.86250000000000004,337.5,324.5,370.5,364.5
8304,0.38200000000000001,-0.12150892857142861,0.21249999999999999,0.50349107142857141,0.86250000000000004,860.5,189.5,885.5,215.5
8308,0.39900000000000002,-0.13450000000000004,0.1875,0.51549999999999996,0.86250000000000004,504.5,188.5,530.5,215.5
8309,0.36499999999999999,-0.1080357142857143,0.1875,0.49196428571428569,0.86250000000000004,531.5,188.5,555.5,215.5
8310,0.36199999999999999,-0.1280857142857143,0.1875,0.4969142857142857,0.86250000000000004,784.5,188.5,809.5,215.5
8311,0.32900000000000001,-0.12767171717171716,0.1875,0.44732828282828285,0.86250000000000004,556.5,188.5,579.5,215.5
8312,0.36799999999999999,-0.11681666666666667,0.1875,0.48318333333333335,0.86250000000000004,707.5,188.5,731.5,215.5
8313,0.36199999999999999,-0.12105357142857141,0.1875,0.47894642857142855,0.86250000000000004,999.5,505.5,1023.5,532.5
8317,0.26100000000000001,-0.10829090909090906,0.16250000000000001,0.36670909090909093,0.88750000000000007,372.5,186.5,391.5,215.5
8318,0.26100000000000001,-0.083658730158730168,0.16250000000000001,0.3663412698412698,0.88750000000000007,392.5,186.5,410.5,215.5
8320,0.38200000000000001,-0.12150892857142861,-0.3125,0.50349107142857141,0.33750000000000002,834.5,189.5,859.5,215.5
8321,0.32500000000000001,-0.10959999999999996,-0.33750000000000002,0.41540000000000005,0.33750000000000002,457.5,188.5,478.5,215.5
8322,0.36899999999999999,-0.10862500000000001,-0.33750000000000002,0.49137500000000001,0.33750000000000002,479.5,188.5,503.5,215.5
8323,0.36499999999999999,-0.10589285714285715,-0.33750000000000002,0.46910714285714283,0.33750000000000002,433.5,188.5,456.5,215.5
8324,0.39900000000000002,-0.13450000000000004,-0.33750000000000002,0.51549999999999996,0.33750000000000002,732.5,188.5,758.5,215.5
8325,0.36499999999999999,-0.1080357142857143,-0.33750000000000002,0.49196428571428569,0.33750000000000002,682.5,188.5,706.5,215.5
8326,0.36199999999999999,-0.1280857142857143,-0.3125,0.4969142857142857,0.33750000000000002,886.5,189.5,911.5,215.5
8327,0.32900000000000001,-0.12767171717171716,-0.3125,0.44732828282828285,0.33750000000000002,810.5,189.5,833.5,215.5
8328,0.36799999999999999,-0.11681666666666667,-0.33750000000000002,0.48318333333333335,0.33750000000000002,759.5,188.5,783.5,215.5
8329,0.36199999999999999,-0.12105357142857141,-0.33750000000000002,0.47894642857142855,0.33750000000000002,629.5,188.5,653.5,215.5
8333,0.26100000000000001,-0.10829090909090906,-0.36249999999999999,0.36670909090909093,0.38750000000000001,302.5,185.5,321.5,215.5
8334,0.26100000000000001,-0.083658730158730168,-0.36249999999999999,0.3663412698412698,0.36249999999999999,322.5,186.5,340.5,215.5
8362,1.0900000000000001,-0.10425,-0.16250000000000001,1.1957500000000001,0.73750000000000004,0.5,536.5,52.5,572.5
8364,0.82000000000000006,-0.10170346320346321,-0.16250000000000001,0.92329653679653678,0.86250000000000004,109.5,95.5,150.5,136.5
8366,0.67400000000000004,-0.12731490384615385,-0.16250000000000001,0.77268509615384617,0.86250000000000004,388.5,365.5,424.5,406.5
8372,0.72399999999999998,-0.090063492063491957,-0.16250000000000001,0.80993650793650807,0.86250000000000004,685.5,449.5,721.5,490.5
8376,0.67400000000000004,-0.1404080294095553,-0.16250000000000001,0.80959197059044474,0.86250000000000004,518.5,365.5,556.5,406.5
8377,0.61199999999999999,-0.077517239705479704,-0.16250000000000001,0.7224827602945203,0.86250000000000004,991.5,449.5,1023.5,490.5
8381,0.76400000000000001,-0.11156293706293698,-0.16250000000000001,0.88843706293706304,0.86250000000000004,196.5,752.5,236.5,793.5
8470,1.2770000000000001,-0.097357142857142906,-0.16250000000000001,1.3776428571428572,0.86250000000000004,0.5,982.5,59.5,1023.5
8482,0.66000000000000003,-0.068520833333333406,0.3125,0.75647916666666659,0.86250000000000004,452.5,161.5,485.5,183.5
8494,0.68200000000000005,-0.11473939372466999,-0.16250000000000001,0.81026060627533003,0.76250000000000007,619.5,286.5,656.5,323.5
8531,0.871,-0.10184999999999997,-0.16250000000000001,0.97315000000000007,0.86250000000000004,109.5,418.5,152.5,459.5
8532,0.91500000000000004,-0.10475000000000004,-0.16250000000000001,1.0202500000000001,0.86250000000000004,60.5,179.5,105.5,220.5
8539,0.874,-0.11151666666666654,-0.16250000000000001,0.98848333333333349,0.86250000000000004,109.5,716.5,153.5,757.5
8540,0.91400000000000003,-0.10505952380952378,-0.16250000000000001,1.0199404761904762,0.86250000000000004,60.5,221.5,105.5,262.5
8541,0.91400000000000003,-0.10270238095238085,-0.16250000000000001,1.0222976190476192,0.86250000000000004,60.5,263.5,105.5,304.5
8542,0.878,-0.13464393939393929,-0.16250000000000001,0.99035606060606074,0.86250000000000004,60.5,377.5,105.5,418.5
8706,0.63600000000000001,-0.11563636363636369,-0.16250000000000001,0.73436363636363633,0.83750000000000002,269.5,324.5,303.5,364.5
8710,0.74299999999999999,-0.11042460317460319,-0.16250000000000001,0.86457539682539686,0.8125,869.5,325.5,908.5,364.5
8719,0.70200000000000007,-0.085749999999999951,-0.33750000000000002,0.78925000000000001,0.86250000000000004,988.5,873.5,1023.5,921.5
8721,0.67900000000000005,-0.097999999999999962,-0.36249999999999999,0.77700000000000002,0.86250000000000004,304.5,872.5,339.5,921.5
8722,0.64200000000000002,-0.075749999999999998,0.0625,0.72425000000000006,0.53749999999999998,543.5,138.5,575.5,157.5
8725,0.57899999999999996,-0.0738958333333333,-0.21249999999999999,0.67610416666666673,0.91249999999999998,306.5,665.5,336.5,710.5
8730,0.78500000000000003,-0.092937799043062139,-0.16250000000000001,0.9070622009569379,1.0125,196.5,704.5,236.5,751.5
8734,0.92000000000000004,-0.098315789473684162,-0.1125,1.0266842105263159,0.63750000000000007,60.5,419.5,105.5,449.5
8747,0.45900000000000002,-0.094249999999999973,-0.36249999999999999,0.58074999999999999,0.83750000000000002,588.5,720.5,615.5,768.5
8776,0.55100000000000005,-0.099249999999999991,-0.087500000000000008,0.65075000000000005,0.6875,271.5,184.5,301.5,215.5
8800,0.55100000000000005,-0.092384615384615398,-0.1125,0.6576153846153846,0.71250000000000002,788.5,251.5,818.5,284.5
8804,0.55600000000000005,-0.10624999999999998,-0.16250000000000001,0.64375000000000004,0.78749999999999998,909.5,326.5,939.5,364.5
8805,0.55600000000000005,-0.0935,-0.16250000000000001,0.65649999999999997,0.8125,806.5,325.5,836.5,364.5
9674,0.624,-0.10994999999999998,-0.13750000000000001,0.71505000000000007,0.86250000000000004,599.5,324.5,632.5,364.5
